{
  "antebrazo": 23.995592275418467,
  "brazo": 28.718106665495096,
  "cadera": 105.727877823002,
  "cintura": 97.75655787624582,
  "espalda": 102.6453482584197,
  "estatura": 180,
  "hombro": 37.16201118593287,
  "muneca": 16.262325596631335,
  "muslo": 58.137461165931384,
  "pantorrilla": 38.09487806831268,
  "pecho": 103.61116806381605,
  "tobillo": 22.851015400837813
}